                  epoch,         train/box_loss,         train/cls_loss,         train/dfl_loss,   metrics/precision(B),      metrics/recall(B),       metrics/mAP50(B),    metrics/mAP50-95(B),           val/box_loss,           val/cls_loss,           val/dfl_loss,                 lr/pg0,                 lr/pg1,                 lr/pg2
                      1,                 2.9568,                 3.5321,                 4.2502,                0.00393,                      1,                0.03718,                0.01165,                 2.6503,                 2.8468,                 4.2317,             0.00054556,             0.00054556,             0.00054556
                      2,                 2.9465,                  3.443,                 4.1987,                0.00345,                      1,                0.05506,                0.01628,                 3.2749,                 3.2709,                 4.8374,              0.0010958,              0.0010958,              0.0010958
                      3,                 2.9924,                 3.4545,                 4.1598,                0.00244,                   0.72,                0.00433,                0.00076,                 4.4319,                 4.0686,                  6.025,              0.0016405,              0.0016405,              0.0016405
                      4,                  2.961,                 3.3326,                 4.0863,                0.00024,                0.05333,                0.00013,                  5e-05,                  4.678,                 168.25,                 7.4159,              0.0016422,              0.0016422,              0.0016422
                      5,                  2.747,                 3.2436,                 3.9829,                  4e-05,                   0.02,                  2e-05,                  1e-05,                 4.1807,                 337.21,                 16.278,               0.001634,               0.001634,               0.001634
                      6,                 2.8126,                 3.2202,                 3.8843,                  4e-05,                   0.02,                  2e-05,                  1e-05,                 4.1807,                 337.21,                 16.278,              0.0016257,              0.0016257,              0.0016257
                      7,                 2.7218,                 3.1497,                 3.8152,                0.00018,                0.05667,                 0.0001,                  3e-05,                 4.0647,                  553.6,                 23.888,              0.0016175,              0.0016175,              0.0016175
                      8,                 2.8154,                 3.0716,                 3.7265,                 0.0098,                    0.1,                0.00716,                0.00345,                  3.831,                 59.133,                 21.321,              0.0016092,              0.0016092,              0.0016092
                      9,                 2.8335,                 3.1438,                  3.702,                0.00267,                   0.38,                 0.0028,                0.00161,                 3.7922,                 276.52,                 30.375,               0.001601,               0.001601,               0.001601
                     10,                  2.597,                 3.1289,                 3.6196,                0.00214,                    0.4,                0.00234,                0.00107,                  3.481,                 413.37,                 25.174,              0.0015927,              0.0015927,              0.0015927
                     11,                 2.6765,                 3.0045,                 3.5693,                0.00096,                   0.36,                0.00104,                0.00058,                 3.4942,                    inf,                 24.345,              0.0015845,              0.0015845,              0.0015845
                     12,                 2.6264,                 2.9735,                 3.4447,                0.00164,                    0.4,                0.00176,                0.00085,                  3.519,                 498.13,                 12.275,              0.0015762,              0.0015762,              0.0015762
                     13,                 2.6684,                 2.8627,                 3.4443,                0.00164,                    0.4,                0.00176,                0.00085,                  3.519,                 498.13,                 12.275,               0.001568,               0.001568,               0.001568
                     14,                 2.4939,                 2.9534,                 3.3349,                0.00154,                   0.34,                0.00159,                0.00077,                 3.3594,                 391.96,                 8.7071,              0.0015597,              0.0015597,              0.0015597
                     15,                  2.456,                 2.7927,                 3.2925,                0.00369,                   0.28,                0.00385,                0.00201,                 3.1213,                  95.66,                 6.0503,              0.0015515,              0.0015515,              0.0015515
                     16,                 2.3914,                 2.9417,                 3.2657,                0.00266,                0.78667,                0.00279,                0.00134,                 2.9401,                 78.437,                 6.1284,              0.0015432,              0.0015432,              0.0015432
                     17,                 2.4282,                 2.8491,                 3.2691,                0.08333,                0.01667,                0.01058,                0.00596,                 2.8452,                 38.864,                 5.7977,               0.001535,               0.001535,               0.001535
                     18,                 2.4785,                 2.7118,                 3.2078,                0.07895,                   0.15,                0.04102,                0.02195,                 2.1404,                 100.42,                  3.939,              0.0015267,              0.0015267,              0.0015267
                     19,                 2.2455,                 2.7493,                 3.1615,                0.16428,                   0.32,                0.20807,                0.11422,                  1.931,                 12.474,                 3.1367,              0.0015185,              0.0015185,              0.0015185
                     20,                 2.2386,                 2.7267,                 3.0586,                0.16428,                   0.32,                0.20807,                0.11422,                  1.931,                 12.474,                 3.1367,              0.0015102,              0.0015102,              0.0015102
                     21,                 2.2171,                 2.6783,                 3.1062,                0.13788,                   0.23,                0.08405,                0.03981,                 2.5961,                 3.7168,                 3.8811,               0.001502,               0.001502,               0.001502
                     22,                 2.1787,                  2.602,                 3.0118,                0.23582,                   0.29,                0.23611,                0.11887,                 2.2231,                 4.6759,                 3.3423,              0.0014937,              0.0014937,              0.0014937
                     23,                 2.1553,                 2.5593,                 2.9696,                0.20595,                0.35913,                0.24566,                0.14392,                  2.217,                 3.7117,                 3.2349,              0.0014855,              0.0014855,              0.0014855
                     24,                 2.0951,                 2.5026,                 2.9472,                0.19189,                   0.32,                0.19905,                0.12063,                 2.1782,                 3.3977,                 3.1613,              0.0014772,              0.0014772,              0.0014772
                     25,                 2.0159,                  2.441,                 2.8892,                0.31671,                0.37752,                 0.2617,                0.16793,                 1.8166,                 2.8161,                 2.9299,               0.001469,               0.001469,               0.001469
                     26,                 2.0239,                 2.5113,                 2.8598,                0.10331,                0.36028,                0.09491,                0.05797,                 2.0725,                 3.0817,                 3.0769,              0.0014607,              0.0014607,              0.0014607
                     27,                 2.1705,                 2.4004,                 2.9229,                0.10331,                0.36028,                0.09491,                0.05797,                 2.0725,                 3.0817,                 3.0769,              0.0014525,              0.0014525,              0.0014525
                     28,                 2.0806,                 2.4458,                 2.9098,                0.38758,                   0.35,                0.24426,                0.13641,                 1.6736,                 3.3566,                 2.8024,              0.0014442,              0.0014442,              0.0014442
                     29,                 1.9189,                 2.3382,                  2.752,                0.51054,                0.47667,                0.37543,                0.23277,                 1.7603,                   3.33,                 2.7635,               0.001436,               0.001436,               0.001436
                     30,                 1.9572,                 2.4318,                 2.6451,                0.13659,                0.51333,                0.13783,                0.08434,                 1.8984,                 4.6161,                 2.9027,              0.0014277,              0.0014277,              0.0014277
                     31,                 1.8007,                 2.2915,                 2.7147,                0.23329,                 0.3717,                0.18568,                0.09612,                  1.592,                 3.6794,                 2.7708,              0.0014195,              0.0014195,              0.0014195
                     32,                 2.0569,                 2.3886,                 2.8175,                 0.1296,                   0.24,                0.11149,                0.04627,                 1.8526,                  4.809,                 3.0428,              0.0014112,              0.0014112,              0.0014112
                     33,                  1.908,                 2.2664,                 2.6896,                0.11118,                0.23667,                0.08972,                 0.0337,                 2.0244,                 4.1699,                 3.1061,              0.0014029,              0.0014029,              0.0014029
                     34,                 1.8974,                 2.1295,                 2.7375,                0.11118,                0.23667,                0.08972,                 0.0337,                 2.0244,                 4.1699,                 3.1061,              0.0013947,              0.0013947,              0.0013947
                     35,                 1.8603,                 2.1715,                 2.6673,                0.31109,                    0.3,                0.21666,                0.06845,                 2.3113,                 3.2252,                 3.4806,              0.0013864,              0.0013864,              0.0013864
                     36,                 1.8759,                 2.1687,                 2.7484,                0.05077,                0.27333,                0.03614,                0.01527,                 2.2353,                 6.9207,                 3.6599,              0.0013782,              0.0013782,              0.0013782
                     37,                 1.7544,                 2.1655,                 2.5609,                0.15792,                0.24667,                0.08606,                0.03574,                 1.9688,                 10.213,                 3.0333,              0.0013699,              0.0013699,              0.0013699
                     38,                  1.941,                 2.1074,                 2.6818,                 0.3723,                0.63667,                0.43355,                0.22257,                 1.7509,                  3.874,                  2.706,              0.0013617,              0.0013617,              0.0013617
                     39,                 1.8263,                 2.0177,                 2.5599,                0.46656,                0.60163,                0.46346,                0.26036,                   1.74,                 3.1222,                 2.6857,              0.0013534,              0.0013534,              0.0013534
                     40,                 1.8224,                 2.1713,                 2.6319,                0.35292,                0.60775,                0.39255,                  0.232,                 1.7094,                 2.7358,                 2.5845,              0.0013452,              0.0013452,              0.0013452
                     41,                 1.7086,                 2.1177,                 2.4129,                0.22235,                0.17808,                0.14268,                 0.0788,                 1.8402,                  3.507,                 2.8971,              0.0013369,              0.0013369,              0.0013369
                     42,                 1.6752,                 2.1363,                 2.5502,                0.22235,                0.17808,                0.14268,                 0.0788,                 1.8402,                  3.507,                 2.8971,              0.0013287,              0.0013287,              0.0013287
                     43,                 1.6845,                 2.0635,                  2.485,                0.14541,                   0.49,                 0.1599,                0.09927,                 1.7341,                 5.4392,                 2.7634,              0.0013204,              0.0013204,              0.0013204
                     44,                  1.709,                 2.0582,                 2.4947,                0.50035,                0.40473,                0.44977,                0.22771,                 2.0386,                 5.8363,                  3.225,              0.0013122,              0.0013122,              0.0013122
                     45,                  1.738,                 1.9409,                 2.4748,                0.44364,                0.47159,                0.48572,                0.21854,                 2.0973,                 6.6253,                 3.2419,              0.0013039,              0.0013039,              0.0013039
                     46,                 1.7105,                 1.9995,                 2.4471,                0.50249,                   0.47,                0.49886,                0.21886,                 2.1377,                 8.2919,                  3.072,              0.0012957,              0.0012957,              0.0012957
                     47,                 1.6382,                 1.9119,                 2.4204,                0.32291,                   0.44,                0.35304,                0.14813,                  2.342,                 8.4603,                 3.5138,              0.0012874,              0.0012874,              0.0012874
                     48,                 1.5294,                 1.9523,                 2.3487,                0.45221,                   0.57,                 0.4585,                0.26897,                 1.7885,                 6.1169,                 2.6965,              0.0012792,              0.0012792,              0.0012792
                     49,                 1.5508,                 1.8573,                 2.4121,                0.45221,                   0.57,                 0.4585,                0.26897,                 1.7885,                 6.1169,                 2.6965,              0.0012709,              0.0012709,              0.0012709
                     50,                  1.537,                 1.8788,                 2.4273,                0.47759,                   0.57,                0.48122,                 0.3385,                  1.379,                 4.8989,                 2.2518,              0.0012627,              0.0012627,              0.0012627
                     51,                 1.6222,                 2.0058,                   2.46,                0.42017,                0.45208,                0.45653,                0.29605,                 1.6606,                  5.061,                 2.5854,              0.0012544,              0.0012544,              0.0012544
                     52,                 1.4125,                 1.8217,                 2.3521,                0.46665,                0.44622,                0.41982,                0.25701,                 1.9213,                 6.2317,                 3.1198,              0.0012462,              0.0012462,              0.0012462
                     53,                 1.5464,                 1.8915,                 2.3716,                0.49824,                   0.42,                0.45275,                0.28587,                 1.8965,                 3.7906,                 3.1776,              0.0012379,              0.0012379,              0.0012379
                     54,                 1.4542,                 1.7999,                 2.2545,                0.46075,                0.41023,                 0.4302,                0.26871,                 2.0137,                 3.2414,                 3.5029,              0.0012297,              0.0012297,              0.0012297
                     55,                 1.3774,                  1.795,                  2.244,                0.43398,                0.47333,                0.45439,                0.32268,                 1.6093,                 4.0017,                 2.7737,              0.0012214,              0.0012214,              0.0012214
                     56,                 1.5522,                 1.7755,                 2.2933,                0.43398,                0.47333,                0.45439,                0.32268,                 1.6093,                 4.0017,                 2.7737,              0.0012132,              0.0012132,              0.0012132
                     57,                  1.519,                 1.8616,                 2.3032,                0.44287,                   0.55,                0.48881,                0.30958,                 1.5736,                 6.1733,                  2.478,              0.0012049,              0.0012049,              0.0012049
                     58,                 1.4223,                 1.7451,                 2.2539,                0.33993,                   0.61,                0.42303,                 0.2483,                  1.903,                  6.029,                 2.8914,              0.0011967,              0.0011967,              0.0011967
                     59,                 1.4354,                 1.7598,                 2.2543,                0.39599,                   0.43,                0.39035,                0.20726,                 2.0145,                 4.1167,                 3.0444,              0.0011884,              0.0011884,              0.0011884
                     60,                 1.4947,                  1.784,                 2.2725,                0.41752,                0.53333,                0.48947,                0.27389,                 1.6932,                 5.9166,                 2.6119,              0.0011802,              0.0011802,              0.0011802
                     61,                 1.4232,                 1.7781,                 2.2388,                0.42883,                0.57333,                0.45918,                0.27674,                 1.7568,                 6.2547,                 2.7921,              0.0011719,              0.0011719,              0.0011719
                     62,                 1.5032,                 1.7957,                 2.2874,                0.29985,                   0.51,                0.43428,                0.24273,                   1.86,                 7.9208,                 3.0317,              0.0011636,              0.0011636,              0.0011636
                     63,                 1.4031,                 1.7259,                 2.3221,                0.29985,                   0.51,                0.43428,                0.24273,                   1.86,                 7.9208,                 3.0317,              0.0011554,              0.0011554,              0.0011554
                     64,                 1.4156,                 1.7824,                 2.2435,                0.45109,                0.43667,                0.44045,                0.22426,                 1.9302,                 5.9564,                 3.1968,              0.0011471,              0.0011471,              0.0011471
                     65,                 1.3646,                 1.7001,                 2.2323,                0.46751,                   0.61,                0.52503,                0.30344,                 1.6334,                 4.6445,                 2.5612,              0.0011389,              0.0011389,              0.0011389
                     66,                 1.2817,                 1.6528,                 2.1093,                0.52859,                0.61333,                0.51574,                0.28023,                 1.5377,                 3.0476,                  2.389,              0.0011306,              0.0011306,              0.0011306
                     67,                  1.365,                 1.7102,                 2.2094,                0.45399,                0.69335,                0.50598,                0.28588,                 1.5112,                 4.2295,                 2.3917,              0.0011224,              0.0011224,              0.0011224
                     68,                 1.3835,                  1.628,                 2.2071,                0.54738,                0.62667,                0.50441,                0.29134,                 1.5679,                 3.1983,                 2.4013,              0.0011141,              0.0011141,              0.0011141
                     69,                 1.3794,                 1.6566,                 2.2368,                0.51784,                0.62667,                 0.5216,                0.28188,                 1.7317,                 3.3773,                 2.6269,              0.0011059,              0.0011059,              0.0011059
                     70,                 1.4123,                 1.5918,                 2.2968,                0.51784,                0.62667,                 0.5216,                0.28188,                 1.7317,                 3.3773,                 2.6269,              0.0010976,              0.0010976,              0.0010976
                     71,                 1.4215,                 1.7914,                 2.2344,                 0.5171,                0.49941,                0.51454,                 0.2805,                 1.8179,                 2.7694,                 2.7484,              0.0010894,              0.0010894,              0.0010894
                     72,                 1.2685,                 1.5644,                 2.1278,                0.42553,                0.52667,                0.49486,                0.31221,                 1.6811,                 2.5595,                 2.6646,              0.0010811,              0.0010811,              0.0010811
                     73,                 1.2976,                 1.6724,                 2.1284,                0.49481,                0.46667,                0.50609,                0.37511,                 1.3533,                 2.2414,                 2.2505,              0.0010729,              0.0010729,              0.0010729
                     74,                 1.1893,                 1.5095,                 2.1285,                0.49303,                   0.47,                0.48494,                 0.3684,                 1.5391,                 2.5639,                 2.6624,              0.0010646,              0.0010646,              0.0010646
                     75,                 1.2805,                 1.5577,                 2.1295,                0.50471,                0.46633,                0.46293,                0.32647,                 1.7188,                 3.1176,                  2.914,              0.0010564,              0.0010564,              0.0010564
                     76,                 1.2915,                 1.6906,                 2.1699,                0.55452,                   0.42,                0.45554,                 0.2903,                 1.8442,                 3.3659,                 3.0583,              0.0010481,              0.0010481,              0.0010481
                     77,                 1.2141,                 1.5782,                 2.0873,                0.55452,                   0.42,                0.45554,                 0.2903,                 1.8442,                 3.3659,                 3.0583,              0.0010399,              0.0010399,              0.0010399
                     78,                 1.2815,                 1.5113,                 2.1326,                0.49457,                0.42299,                 0.4466,                0.29783,                   1.64,                 4.6853,                  2.638,              0.0010316,              0.0010316,              0.0010316
                     79,                 1.2167,                 1.5095,                 1.9842,                0.43076,                0.49667,                0.45305,                0.30368,                  1.479,                  3.809,                 2.3551,              0.0010234,              0.0010234,              0.0010234
                     80,                 1.2961,                 1.5419,                  2.105,                0.45708,                0.47116,                0.44334,                 0.2861,                 1.5731,                 3.7388,                 2.5179,              0.0010151,              0.0010151,              0.0010151
                     81,                 1.2328,                 1.5382,                 2.0583,                0.41397,                0.49667,                0.49329,                0.29348,                 1.5731,                 4.3593,                 2.5553,              0.0010069,              0.0010069,              0.0010069
                     82,                 1.2145,                  1.512,                 1.9908,                0.34726,                0.63672,                0.50789,                0.32073,                 1.4417,                 5.4884,                  2.427,             0.00099862,             0.00099862,             0.00099862
                     83,                 1.1512,                 1.5117,                 2.0358,                0.39608,                0.62667,                0.52287,                0.36706,                 1.2153,                 3.7996,                 2.0619,             0.00099036,             0.00099036,             0.00099036
                     84,                 1.2284,                 1.5361,                 2.0196,                0.39608,                0.62667,                0.52287,                0.36706,                 1.2153,                 3.7996,                 2.0619,             0.00098211,             0.00098211,             0.00098211
                     85,                 1.1712,                 1.4371,                 1.9785,                0.35257,                0.70333,                0.53753,                0.35953,                 1.2778,                  3.647,                 2.0976,             0.00097386,             0.00097386,             0.00097386
                     86,                 1.2102,                 1.4554,                 2.0919,                0.47259,                   0.53,                0.49111,                0.29452,                 1.6054,                 3.0535,                 2.5687,             0.00096561,             0.00096561,             0.00096561
                     87,                 1.0644,                 1.3477,                 1.9471,                0.51364,                0.43667,                 0.4506,                0.26763,                 1.9001,                 3.2444,                 3.2427,             0.00095736,             0.00095736,             0.00095736
                     88,                 1.2459,                 1.4426,                 2.0109,                0.49076,                0.45333,                 0.4464,                0.31831,                 1.7429,                 4.2462,                 2.9881,             0.00094911,             0.00094911,             0.00094911
                     89,                 1.1826,                 1.4684,                 1.9622,                0.48065,                0.41409,                0.44655,                0.33465,                 1.6309,                 5.2704,                  2.844,             0.00094085,             0.00094085,             0.00094085
                     90,                 1.2068,                 1.4422,                 2.0099,                0.47657,                    0.4,                0.41938,                0.29023,                  1.771,                 5.3814,                 2.9899,              0.0009326,              0.0009326,              0.0009326
                     91,                 1.1901,                  1.569,                 2.1264,                0.47657,                    0.4,                0.41938,                0.29023,                  1.771,                 5.3814,                 2.9899,             0.00092435,             0.00092435,             0.00092435
                     92,                  1.167,                  1.445,                 2.0755,                0.43404,                0.44333,                0.41391,                 0.2478,                 1.9463,                 4.8296,                 3.1764,              0.0009161,              0.0009161,              0.0009161
                     93,                 1.1699,                  1.338,                 2.0614,                0.46414,                0.47333,                0.44543,                 0.2862,                 1.7965,                 3.1827,                 3.1082,             0.00090785,             0.00090785,             0.00090785
                     94,                 1.1463,                  1.387,                 1.9567,                0.49583,                   0.49,                0.48509,                0.36584,                 1.2996,                 2.9306,                 2.2982,              0.0008996,              0.0008996,              0.0008996
                     95,                  1.142,                 1.4687,                 2.0307,                0.45356,                0.68667,                0.54835,                0.42159,                 1.1421,                 2.2371,                 1.9453,             0.00089134,             0.00089134,             0.00089134
                     96,                 1.1598,                 1.3922,                 1.9836,                0.42911,                0.71103,                0.55053,                0.41962,                 1.1577,                 2.0762,                 1.9818,             0.00088309,             0.00088309,             0.00088309
                     97,                 1.1165,                 1.4465,                 1.9993,                0.48559,                   0.55,                0.53052,                0.40044,                 1.2254,                 2.0783,                  2.075,             0.00087484,             0.00087484,             0.00087484
                     98,                 1.1132,                 1.3545,                  1.971,                0.48559,                   0.55,                0.53052,                0.40044,                 1.2254,                 2.0783,                  2.075,             0.00086659,             0.00086659,             0.00086659
                     99,                  1.116,                 1.3449,                 2.0022,                 0.4492,                0.80333,                0.60763,                 0.4538,                 1.1376,                 2.1583,                 1.9096,             0.00085834,             0.00085834,             0.00085834
                    100,                 1.1399,                 1.4252,                 1.9346,                0.45763,                0.76333,                 0.6177,                0.47781,                 1.0605,                 2.3842,                 1.8481,             0.00085009,             0.00085009,             0.00085009
                    101,                0.98202,                 1.3068,                 1.9513,                0.51244,                0.47333,                0.46876,                0.31627,                 1.6557,                  3.738,                 2.8342,             0.00084184,             0.00084184,             0.00084184
                    102,                 1.0277,                 1.3302,                 1.9499,                0.49869,                0.45521,                0.45439,                0.30377,                 1.7681,                 4.1228,                 3.0325,             0.00083358,             0.00083358,             0.00083358
                    103,                 1.0462,                 1.2708,                 1.9486,                0.46017,                   0.42,                0.43834,                0.28941,                 1.7711,                 4.0735,                 3.0463,             0.00082533,             0.00082533,             0.00082533
                    104,                 1.0863,                 1.2929,                 1.9533,                0.47639,                 0.4561,                 0.4475,                0.31471,                 1.7685,                 4.5354,                 3.1251,             0.00081708,             0.00081708,             0.00081708
                    105,                 1.0206,                 1.2853,                 1.9512,                0.47836,                0.46333,                0.46569,                0.35222,                 1.6298,                 3.3723,                 2.9079,             0.00080883,             0.00080883,             0.00080883
                    106,                 1.0769,                 1.3646,                 1.9433,                0.47836,                0.46333,                0.46569,                0.35222,                 1.6298,                 3.3723,                 2.9079,             0.00080058,             0.00080058,             0.00080058
                    107,                 1.0466,                 1.3103,                 1.8525,                0.50677,                   0.42,                0.46245,                0.30914,                 1.7344,                  3.062,                 3.0671,             0.00079233,             0.00079233,             0.00079233
                    108,                 1.0349,                 1.2543,                 1.8983,                0.46998,                0.36886,                0.39725,                0.23753,                 1.9228,                 3.2876,                 3.2424,             0.00078407,             0.00078407,             0.00078407
                    109,                 1.1226,                  1.409,                 1.9578,                0.49572,                0.40333,                0.42823,                0.25315,                 1.9468,                 3.2685,                 3.2534,             0.00077582,             0.00077582,             0.00077582
                    110,                 1.1062,                 1.2993,                 1.9478,                0.44506,                0.50947,                0.46183,                0.31988,                 1.6044,                 2.9019,                  2.715,             0.00076757,             0.00076757,             0.00076757
                    111,                  1.149,                 1.3518,                 1.9368,                0.50184,                 0.4493,                0.47095,                0.35628,                 1.3674,                 2.7227,                 2.3258,             0.00075932,             0.00075932,             0.00075932
                    112,                 1.0297,                 1.2198,                 1.8484,                0.46231,                   0.47,                0.46727,                 0.3507,                 1.3719,                  2.712,                  2.317,             0.00075107,             0.00075107,             0.00075107
                    113,                  1.025,                 1.1728,                 1.9037,                0.46231,                   0.47,                0.46727,                 0.3507,                 1.3719,                  2.712,                  2.317,             0.00074282,             0.00074282,             0.00074282
                    114,                 0.9922,                 1.1899,                  1.909,                0.50136,                0.43429,                0.45099,                0.29562,                 1.5938,                  2.947,                  2.659,             0.00073456,             0.00073456,             0.00073456
                    115,                0.98736,                 1.2224,                 1.8942,                0.46896,                   0.42,                0.44281,                0.28957,                 1.5554,                 2.9061,                  2.598,             0.00072631,             0.00072631,             0.00072631
                    116,                0.99794,                  1.161,                 1.8845,                0.47781,                0.46535,                0.47294,                0.31386,                 1.3924,                 2.9515,                 2.2916,             0.00071806,             0.00071806,             0.00071806
                    117,                0.99062,                 1.2127,                 1.8723,                0.45697,                0.46611,                0.45506,                0.33095,                 1.3978,                 3.2761,                 2.4183,             0.00070981,             0.00070981,             0.00070981
                    118,                0.98223,                 1.1597,                 1.8749,                 0.4845,                0.45508,                0.45416,                0.30807,                 1.5731,                 3.5217,                 2.7514,             0.00070156,             0.00070156,             0.00070156
                    119,                 1.0373,                 1.2457,                 1.9063,                0.47984,                0.39686,                0.43406,                0.28432,                 1.7938,                  3.837,                 3.1209,             0.00069331,             0.00069331,             0.00069331
                    120,                0.90858,                 1.1127,                  1.803,                0.47984,                0.39686,                0.43406,                0.28432,                 1.7938,                  3.837,                 3.1209,             0.00068505,             0.00068505,             0.00068505
                    121,                0.96651,                 1.2354,                 1.8326,                 0.4543,                   0.42,                0.44046,                0.27739,                 1.8868,                  3.401,                 3.2409,              0.0006768,              0.0006768,              0.0006768
                    122,                0.96323,                 1.1715,                 1.7761,                0.49317,                0.41621,                0.43437,                0.27476,                 1.8571,                 2.9005,                 3.1639,             0.00066855,             0.00066855,             0.00066855
                    123,                 1.0079,                  1.144,                 1.8635,                0.45385,                0.47851,                0.45669,                0.33002,                 1.6449,                 2.8153,                 2.8727,              0.0006603,              0.0006603,              0.0006603
                    124,                 1.0155,                 1.1824,                 1.8728,                0.47632,                0.41667,                  0.454,                0.33501,                 1.6424,                 3.7873,                 2.9251,             0.00065205,             0.00065205,             0.00065205
                    125,                 1.0059,                 1.1456,                  1.838,                 0.4873,                   0.42,                0.43688,                0.31408,                 1.7352,                 3.0315,                 2.9618,              0.0006438,              0.0006438,              0.0006438
                    126,                 1.0267,                 1.1363,                 1.8938,                0.48831,                   0.42,                0.43708,                0.28679,                  1.769,                 2.8152,                 3.0213,             0.00063554,             0.00063554,             0.00063554
                    127,                0.98117,                  1.223,                  1.826,                0.48831,                   0.42,                0.43708,                0.28679,                  1.769,                 2.8152,                 3.0213,             0.00062729,             0.00062729,             0.00062729
                    128,                 0.9412,                  1.114,                 1.8451,                0.49612,                0.38667,                0.41647,                0.25952,                 1.8774,                 2.7185,                 3.1403,             0.00061904,             0.00061904,             0.00061904
                    129,                0.94829,                 1.1687,                 1.9128,                0.46279,                   0.42,                0.43698,                0.28903,                 1.7514,                 2.4402,                 3.0064,             0.00061079,             0.00061079,             0.00061079
                    130,                0.91674,                 1.1751,                 1.8142,                0.44098,                0.44464,                0.45329,                0.31508,                 1.5114,                 2.3729,                 2.5728,             0.00060254,             0.00060254,             0.00060254
                    131,                 1.0284,                 1.1652,                 1.8863,                0.50455,                0.71721,                0.55529,                 0.4005,                  1.162,                 1.7924,                 1.9119,             0.00059429,             0.00059429,             0.00059429
                    132,                0.95406,                  1.104,                 1.8644,                 0.4868,                0.47245,                0.47537,                0.34166,                 1.4749,                 2.3775,                 2.5344,             0.00058603,             0.00058603,             0.00058603
                    133,                0.94095,                 1.1511,                 1.8572,                0.49261,                0.56827,                0.49614,                0.34868,                 1.3879,                 2.2725,                 2.3652,             0.00057778,             0.00057778,             0.00057778
                    134,                0.86403,                 1.1403,                 1.7554,                0.49261,                0.56827,                0.49614,                0.34868,                 1.3879,                 2.2725,                 2.3652,             0.00056953,             0.00056953,             0.00056953
                    135,                0.90724,                 1.1195,                 1.7561,                0.48986,                   0.61,                0.50166,                0.35298,                  1.407,                 2.2423,                 2.3744,             0.00056128,             0.00056128,             0.00056128
                    136,                0.91365,                 1.0707,                 1.7957,                0.50472,                   0.65,                0.52507,                 0.3711,                 1.2542,                 2.0204,                 2.1086,             0.00055303,             0.00055303,             0.00055303
                    137,                0.94059,                 1.1111,                  1.798,                0.50011,                0.64667,                0.52933,                0.37384,                 1.2363,                 2.0243,                 2.0955,             0.00054478,             0.00054478,             0.00054478
                    138,                0.93726,                  1.175,                 1.7469,                0.49871,                0.66667,                 0.5674,                0.42361,                 1.0492,                 1.6409,                 1.8113,             0.00053652,             0.00053652,             0.00053652
                    139,                0.95915,                 1.1389,                   1.82,                0.43533,                0.53387,                   0.53,                0.36299,                 1.2277,                 1.7622,                 2.0569,             0.00052827,             0.00052827,             0.00052827
                    140,                0.87591,                 1.0566,                 1.7044,                0.49958,                0.53107,                0.51694,                0.32848,                 1.4871,                 1.9275,                 2.4557,             0.00052002,             0.00052002,             0.00052002
                    141,                0.93126,                 1.0229,                 1.7204,                0.49958,                0.53107,                0.51694,                0.32848,                 1.4871,                 1.9275,                 2.4557,             0.00051177,             0.00051177,             0.00051177
                    142,                 1.0134,                 1.0559,                 1.8638,                0.49023,                0.49667,                 0.4891,                0.29726,                 1.6574,                 2.1091,                 2.7545,             0.00050352,             0.00050352,             0.00050352
                    143,                 1.0013,                 0.9744,                 1.8168,                0.51813,                0.52559,                 0.4972,                0.32978,                 1.5674,                 2.4815,                 2.6829,             0.00049527,             0.00049527,             0.00049527
                    144,                0.90095,                 1.0167,                 1.7392,                0.58735,                0.67291,                0.60887,                0.41655,                 1.2442,                 1.7325,                 2.0656,             0.00048701,             0.00048701,             0.00048701
                    145,                0.93873,                 1.0838,                 1.7618,                0.64635,                0.55333,                0.55917,                0.38196,                  1.338,                 2.5497,                 2.3203,             0.00047876,             0.00047876,             0.00047876
                    146,                0.90255,                 1.0045,                 1.7568,                0.74697,                0.76034,                0.76123,                0.53157,                 1.2021,                 1.5586,                 1.9737,             0.00047051,             0.00047051,             0.00047051
                    147,                  1.043,                 1.0329,                 1.8658,                0.72649,                0.64667,                0.71932,                 0.5322,                 1.1292,                 1.5063,                 1.8612,             0.00046226,             0.00046226,             0.00046226
                    148,                0.97962,                 1.0797,                 1.8678,                0.72649,                0.64667,                0.71932,                 0.5322,                 1.1292,                 1.5063,                 1.8612,             0.00045401,             0.00045401,             0.00045401
                    149,                 0.9637,                 1.0044,                 1.7917,                0.69065,                0.62667,                0.64108,                 0.4802,                 1.1166,                  1.513,                 1.8575,             0.00044576,             0.00044576,             0.00044576
                    150,                0.89582,                 1.0001,                 1.7924,                0.68451,                0.69634,                0.67237,                0.48764,                 1.1494,                 1.3662,                 1.8777,              0.0004375,              0.0004375,              0.0004375
                    151,                0.90949,                0.96282,                 1.8044,                0.69378,                0.82333,                0.70545,                0.56028,                0.92193,                 1.3252,                 1.6677,             0.00042925,             0.00042925,             0.00042925
                    152,                0.88835,                      1,                 1.7039,                0.69695,                0.67133,                0.68594,                0.51394,                 1.0096,                 1.3397,                 1.7265,               0.000421,               0.000421,               0.000421
                    153,                0.97001,                 1.0225,                 1.7739,                0.67135,                0.72345,                0.71327,                0.51771,                0.99081,                 1.3192,                 1.7378,             0.00041275,             0.00041275,             0.00041275
                    154,                0.92827,                 1.0665,                 1.7404,                0.83537,                0.80333,                0.80942,                0.61777,                0.96837,                 1.2895,                 1.6846,              0.0004045,              0.0004045,              0.0004045
                    155,                0.94213,                0.95683,                 1.7543,                0.83537,                0.80333,                0.80942,                0.61777,                0.96837,                 1.2895,                 1.6846,             0.00039625,             0.00039625,             0.00039625
                    156,                0.86515,                0.94528,                 1.7205,                0.73311,                0.86667,                0.82044,                0.58406,                 1.1683,                 1.5889,                 1.9134,             0.00038799,             0.00038799,             0.00038799
                    157,                0.91187,                0.97541,                 1.7539,                0.55772,                0.61631,                0.56334,                0.35848,                 1.3541,                 1.7861,                 2.1718,             0.00037974,             0.00037974,             0.00037974
                    158,                0.82299,                0.91821,                 1.7073,                0.65143,                 0.6024,                0.68272,                0.44232,                 1.3116,                 1.6322,                 2.0828,             0.00037149,             0.00037149,             0.00037149
                    159,                0.77853,                0.88526,                 1.6741,                0.47985,                0.49667,                0.45634,                0.30913,                 1.4269,                 2.3244,                 2.4377,             0.00036324,             0.00036324,             0.00036324
                    160,                0.94374,                 1.0091,                 1.8428,                0.43713,                0.49667,                 0.4601,                0.32479,                 1.3086,                 2.1811,                 2.2332,             0.00035499,             0.00035499,             0.00035499
                    161,                 0.9323,                0.88915,                 1.7115,                0.46699,                0.42333,                0.41433,                0.27341,                  1.709,                 3.4028,                 2.8929,             0.00034674,             0.00034674,             0.00034674
                    162,                0.96947,                0.94941,                 1.8173,                0.46699,                0.42333,                0.41433,                0.27341,                  1.709,                 3.4028,                 2.8929,             0.00033848,             0.00033848,             0.00033848
                    163,                0.85321,                0.88363,                 1.6569,                0.52207,                0.38667,                0.41099,                0.28418,                 1.7243,                 3.0518,                 2.9247,             0.00033023,             0.00033023,             0.00033023
                    164,                0.92128,                0.96556,                 1.6994,                0.57551,                0.42633,                0.43385,                 0.2853,                 1.6209,                 2.4247,                 2.7073,             0.00032198,             0.00032198,             0.00032198
                    165,                0.90011,                0.93857,                 1.7631,                0.60428,                0.53667,                0.52413,                0.34851,                 1.4134,                 2.0941,                 2.3475,             0.00031373,             0.00031373,             0.00031373
                    166,                0.85081,                 0.8929,                 1.7031,                0.57537,                0.45667,                0.47342,                0.32279,                 1.4842,                 2.1289,                  2.501,             0.00030548,             0.00030548,             0.00030548
                    167,                0.80183,                0.89635,                 1.6316,                0.62458,                0.43506,                 0.4643,                0.33279,                   1.45,                 2.1342,                 2.4787,             0.00029723,             0.00029723,             0.00029723
                    168,                0.83257,                0.89073,                 1.6963,                0.64601,                   0.44,                0.49807,                0.35622,                 1.2819,                 1.9871,                 2.1943,             0.00028897,             0.00028897,             0.00028897
                    169,                0.87058,                0.92077,                 1.7184,                0.62508,                   0.44,                 0.4617,                0.32605,                 1.4468,                 2.3866,                 2.4764,             0.00028072,             0.00028072,             0.00028072
                    170,                0.80979,                0.89913,                 1.6459,                0.62508,                   0.44,                 0.4617,                0.32605,                 1.4468,                 2.3866,                 2.4764,             0.00027247,             0.00027247,             0.00027247
                    171,                0.83223,                0.84127,                 1.7067,                0.49245,                0.40667,                0.43423,                0.29041,                 1.5422,                 2.5741,                  2.679,             0.00026422,             0.00026422,             0.00026422
                    172,                0.88619,                0.96562,                 1.7255,                0.58944,                0.43378,                0.46066,                0.30437,                 1.4528,                 2.5735,                 2.4514,             0.00025597,             0.00025597,             0.00025597
                    173,                0.80293,                0.86647,                 1.6436,                0.50678,                   0.48,                0.45857,                0.29447,                 1.5792,                 3.2851,                 2.7045,             0.00024772,             0.00024772,             0.00024772
                    174,                0.89098,                0.89765,                 1.7362,                0.46472,                   0.46,                0.44022,                0.27854,                 1.6621,                 2.9717,                 2.8316,             0.00023946,             0.00023946,             0.00023946
                    175,                0.86125,                0.87907,                 1.7007,                 0.5342,                0.51667,                 0.4737,                0.31767,                 1.4798,                 2.5184,                 2.4546,             0.00023121,             0.00023121,             0.00023121
                    176,                0.78938,                0.80028,                 1.6498,                0.64564,                0.55667,                0.54473,                0.37841,                 1.2586,                 2.2524,                 2.1167,             0.00022296,             0.00022296,             0.00022296
                    177,                0.83614,                0.92304,                 1.6791,                0.64564,                0.55667,                0.54473,                0.37841,                 1.2586,                 2.2524,                 2.1167,             0.00021471,             0.00021471,             0.00021471
                    178,                0.80082,                0.84184,                 1.6402,                0.70209,                0.57667,                0.63556,                0.46944,                 1.0913,                 1.7516,                 1.8731,             0.00020646,             0.00020646,             0.00020646
                    179,                0.82479,                0.83267,                 1.7317,                0.57431,                0.49667,                0.47553,                0.35834,                 1.2765,                 2.3054,                 2.2546,             0.00019821,             0.00019821,             0.00019821
                    180,                0.80628,                0.79561,                 1.6443,                0.77532,                0.76667,                0.76454,                0.62059,                 0.9371,                 1.3545,                 1.6728,             0.00018995,             0.00018995,             0.00018995
                    181,                0.76341,                0.80843,                 1.6835,                0.53679,                0.49667,                0.46749,                0.34895,                 1.3106,                  2.062,                 2.3004,              0.0001817,              0.0001817,              0.0001817
                    182,                 0.7903,                0.79731,                 1.6275,                0.53706,                0.51667,                 0.4723,                0.34775,                 1.3332,                 2.0921,                 2.2956,             0.00017345,             0.00017345,             0.00017345
                    183,                 0.8089,                  0.879,                 1.6706,                0.55607,                   0.44,                0.45765,                0.32805,                  1.442,                 2.1757,                 2.4923,              0.0001652,              0.0001652,              0.0001652
                    184,                0.90008,                0.84035,                 1.8109,                0.55607,                   0.44,                0.45765,                0.32805,                  1.442,                 2.1757,                 2.4923,             0.00015695,             0.00015695,             0.00015695
                    185,                0.86742,                0.85705,                  1.687,                0.58634,                0.43964,                0.45228,                0.28589,                 1.7219,                 2.5963,                 2.9155,              0.0001487,              0.0001487,              0.0001487
                    186,                0.91007,                0.93299,                 1.7059,                0.53114,                0.49531,                0.47007,                0.32173,                 1.5045,                 2.2895,                 2.5474,             0.00014044,             0.00014044,             0.00014044
                    187,                0.83191,                0.83014,                 1.6484,                0.53092,                   0.44,                0.44778,                0.30371,                 1.6205,                 2.5358,                  2.762,             0.00013219,             0.00013219,             0.00013219
                    188,                0.83946,                0.83319,                 1.6318,                0.53783,                0.47667,                0.49666,                 0.3564,                 1.3074,                  2.139,                 2.2037,             0.00012394,             0.00012394,             0.00012394
                    189,                0.76556,                0.87072,                 1.6703,                0.53434,                0.47667,                0.48089,                0.34522,                 1.3201,                 2.2041,                 2.2405,             0.00011569,             0.00011569,             0.00011569
                    190,                0.83761,                0.89884,                 1.7158,                0.48415,                   0.44,                0.44847,                0.33431,                 1.4162,                 2.5063,                 2.4696,             0.00010744,             0.00010744,             0.00010744
                    191,                0.64293,                 1.0125,                 1.4874,                0.48415,                   0.44,                0.44847,                0.33431,                 1.4162,                 2.5063,                 2.4696,             9.9187e-05,             9.9187e-05,             9.9187e-05
                    192,                0.66412,                0.98723,                 1.4977,                0.53746,                   0.44,                0.47969,                0.36768,                 1.0695,                 1.9241,                 1.8972,             9.0935e-05,             9.0935e-05,             9.0935e-05
                    193,                 0.6736,                0.92285,                 1.5373,                0.52798,                0.41376,                0.43815,                0.33815,                 1.1491,                 2.4829,                 2.0827,             8.2683e-05,             8.2683e-05,             8.2683e-05
                    194,                0.67592,                0.94577,                 1.4849,                0.52289,                0.46016,                0.45207,                0.33758,                 1.3294,                 3.7001,                 2.3287,             7.4432e-05,             7.4432e-05,             7.4432e-05
                    195,                0.63079,                0.89713,                 1.5014,                0.52379,                0.49667,                0.48369,                 0.3686,                 1.1468,                 2.4474,                 2.0175,              6.618e-05,              6.618e-05,              6.618e-05
                    196,                0.61415,                0.84221,                 1.4971,                0.51286,                0.42667,                0.43412,                0.32101,                  1.389,                 2.5676,                 2.4108,             5.7928e-05,             5.7928e-05,             5.7928e-05
                    197,                0.58783,                0.85994,                 1.4458,                0.52307,                0.49289,                0.48317,                0.36082,                 1.1769,                 2.0405,                  2.034,             4.9677e-05,             4.9677e-05,             4.9677e-05
                    198,                0.60065,                0.91782,                 1.4326,                0.52307,                0.49289,                0.48317,                0.36082,                 1.1769,                 2.0405,                  2.034,             4.1425e-05,             4.1425e-05,             4.1425e-05
                    199,                0.63353,                0.79599,                 1.4944,                0.51869,                0.49667,                0.47156,                0.34755,                 1.2353,                 2.6178,                 2.1252,             3.3173e-05,             3.3173e-05,             3.3173e-05
                    200,                0.58119,                0.83584,                 1.4421,                0.63862,                0.65667,                0.60939,                0.45584,                 1.0633,                 2.2997,                 1.8053,             2.4922e-05,             2.4922e-05,             2.4922e-05
